対象日付,コード,銘柄名,株価換算係数,業種,セクター
2026/8/4,1332,ニッスイ,1,水産,消費
2026/8/4,1605,ＩＮＰＥＸ,0.4,鉱業,素材
2026/8/4,1721,コムシスホールディングス,1,建設,資本財・その他
2026/8/4,1801,大成建設,0.2,建設,資本財・その他
2026/8/4,1802,大林組,1,建設,資本財・その他
2026/8/4,1803,清水建設,1,建設,資本財・その他
2026/8/4,1808,長谷工コーポレーション,0.2,建設,資本財・その他
2026/8/4,1812,鹿島建設,0.5,建設,資本財・その他
2026/8/4,1925,大和ハウス工業,1,建設,資本財・その他
2026/8/4,1928,積水ハウス,1,建設,資本財・その他
2026/8/4,1963,日揮ホールディングス,1,建設,資本財・その他
2026/8/4,2002,日清製粉グループ本社,1,食品,消費
2026/8/4,2269,明治ホールディングス,0.4,食品,消費
2026/8/4,2282,日本ハム,0.5,食品,消費
2026/8/4,2413,エムスリー,2.4,サービス,消費
2026/8/4,2432,ディー・エヌ・エー,0.3,サービス,消費
2026/8/4,2501,サッポロビール,1,食品,消費
2026/8/4,2502,アサヒグループホールディングス,3,食品,消費
2026/8/4,2503,キリンホールディングス,1,食品,消費
2026/8/4,2768,双日,0.1,商社,素材
2026/8/4,2801,キッコーマン,5,食品,消費
2026/8/4,2802,味の素,2,食品,消費
2026/8/4,285A,キオクシアホールディングス,0.7,電気機器,技術
2026/8/4,2871,ニチレイ,1,食品,消費
2026/8/4,2914,日本たばこ産業,1,食品,消費
2026/8/4,3086,Ｊ．フロントリテイリング,0.5,小売業,消費
2026/8/4,3092,ＺＯＺＯ,3,小売業,消費
2026/8/4,3099,三越伊勢丹ホールディングス,1,小売業,消費
2026/8/4,3289,東急不動産ホールディングス,1,不動産,資本財・その他
2026/8/4,3382,セブン＆アイ・ホールディングス,3,小売業,消費
2026/8/4,3401,帝人,0.2,繊維,素材
2026/8/4,3402,東レ,1,繊維,素材
2026/8/4,3405,クラレ,1,化学,素材
2026/8/4,3407,旭化成,1,化学,素材
2026/8/4,3436,ＳＵＭＣＯ,0.1,非鉄・金属,素材
2026/8/4,3659,ネクソン,2,サービス,消費
2026/8/4,3697,ＳＨＩＦＴ,1,サービス,消費
2026/8/4,3861,王子ホールディングス,1,パルプ・紙,素材
2026/8/4,4004,レゾナック・ホールディングス,0.1,化学,素材
2026/8/4,4005,住友化学,1,化学,素材
2026/8/4,4021,日産化学,1,化学,素材
2026/8/4,4042,東ソー,0.5,化学,素材
2026/8/4,4043,トクヤマ,0.2,化学,素材
2026/8/4,4061,デンカ,0.2,化学,素材
2026/8/4,4062,イビデン,2,電気機器,技術
2026/8/4,4063,信越化学工業,5,化学,素材
2026/8/4,4151,協和キリン,1,医薬品,技術
2026/8/4,4183,三井化学,0.4,化学,素材
2026/8/4,4188,三菱ケミカルグループ,0.5,化学,素材
2026/8/4,4208,ＵＢＥ,0.1,化学,素材
2026/8/4,4307,野村総合研究所,1,サービス,消費
2026/8/4,4324,電通グループ,1,サービス,消費
2026/8/4,4385,メルカリ,1,サービス,消費
2026/8/4,4452,花王,2,化学,素材
2026/8/4,4502,武田薬品工業,1,医薬品,技術
2026/8/4,4503,アステラス製薬,5,医薬品,技術
2026/8/4,4506,住友ファーマ,1,医薬品,技術
2026/8/4,4507,塩野義製薬,3,医薬品,技術
2026/8/4,4519,中外製薬,3,医薬品,技術
2026/8/4,4523,エーザイ,1,医薬品,技術
2026/8/4,4543,テルモ,8,精密機器,技術
2026/8/4,4568,第一三共,3,医薬品,技術
2026/8/4,4578,大塚ホールディングス,1,医薬品,技術
2026/8/4,4661,オリエンタルランド,1,サービス,消費
2026/8/4,4689,ＬＩＮＥヤフー,0.4,サービス,消費
2026/8/4,4704,トレンドマイクロ,1,サービス,消費
2026/8/4,4751,サイバーエージェント,0.8,サービス,消費
2026/8/4,4755,楽天グループ,1,サービス,消費
2026/8/4,4901,富士フイルムホールディングス,3,化学,素材
2026/8/4,4902,コニカミノルタ,1,精密機器,技術
2026/8/4,4911,資生堂,1,化学,素材
2026/8/4,5019,出光興産,2,石油,素材
2026/8/4,5020,ＥＮＥＯＳホールディングス,1,石油,素材
2026/8/4,5101,横浜ゴム,0.5,ゴム,素材
2026/8/4,5108,ブリヂストン,2,ゴム,素材
2026/8/4,5201,ＡＧＣ,0.2,窯業,素材
2026/8/4,5214,日本電気硝子,0.3,窯業,素材
2026/8/4,5233,太平洋セメント,0.1,窯業,素材
2026/8/4,5301,東海カーボン,1,窯業,素材
2026/8/4,5332,ＴＯＴＯ,0.5,窯業,素材
2026/8/4,5333,ＮＧＫ,1,窯業,素材
2026/8/4,5401,日本製鉄,0.5,鉄鋼,素材
2026/8/4,5406,神戸製鋼所,0.1,鉄鋼,素材
2026/8/4,5411,ＪＦＥホールディングス,0.1,鉄鋼,素材
2026/8/4,543A,ＡＲＣＨＩＯＮ,1,自動車,技術
2026/8/4,5631,日本製鋼所,0.2,機械,資本財・その他
2026/8/4,5706,三井金属,0.1,非鉄・金属,素材
2026/8/4,5711,三菱マテリアル,0.1,非鉄・金属,素材
2026/8/4,5713,住友金属鉱山,0.5,非鉄・金属,素材
2026/8/4,5714,ＤＯＷＡホールディングス,0.2,非鉄・金属,素材
2026/8/4,5801,古河電気工業,1,非鉄・金属,素材
2026/8/4,5802,住友電気工業,4,非鉄・金属,素材
2026/8/4,5803,フジクラ,6,非鉄・金属,素材
2026/8/4,5831,しずおかフィナンシャルグループ,1,銀行,金融
2026/8/4,6098,リクルートホールディングス,3,サービス,消費
2026/8/4,6103,オークマ,0.4,機械,資本財・その他
2026/8/4,6113,アマダ,1,機械,資本財・その他
2026/8/4,6146,ディスコ,0.2,精密機器,技術
2026/8/4,6178,日本郵政,1,サービス,消費
2026/8/4,6273,ＳＭＣ,0.1,機械,資本財・その他
2026/8/4,6301,小松製作所,1,機械,資本財・その他
2026/8/4,6302,住友重機械工業,0.2,機械,資本財・その他
2026/8/4,6305,日立建機,1,機械,資本財・その他
2026/8/4,6326,クボタ,1,機械,資本財・その他
2026/8/4,6361,荏原製作所,1,機械,資本財・その他
2026/8/4,6367,ダイキン工業,1,機械,資本財・その他
2026/8/4,6471,日本精工,1,機械,資本財・その他
2026/8/4,6472,ＮＴＮ,1,機械,資本財・その他
2026/8/4,6473,ジェイテクト,1,機械,資本財・その他
2026/8/4,6479,ミネベアミツミ,1,電気機器,技術
2026/8/4,6501,日立製作所,1,電気機器,技術
2026/8/4,6503,三菱電機,1,電気機器,技術
2026/8/4,6504,富士電機,0.2,電気機器,技術
2026/8/4,6506,安川電機,1,電気機器,技術
2026/8/4,6526,ソシオネクスト,1,電気機器,技術
2026/8/4,6532,ベイカレント,1,サービス,消費
2026/8/4,6645,オムロン,1,電気機器,技術
2026/8/4,6701,日本電気,0.5,電気機器,技術
2026/8/4,6702,富士通,1,電気機器,技術
2026/8/4,6723,ルネサスエレクトロニクス,1,電気機器,技術
2026/8/4,6724,セイコーエプソン,2,電気機器,技術
2026/8/4,6752,パナソニックホールディングス,1,電気機器,技術
2026/8/4,6753,シャープ,1,電気機器,技術
2026/8/4,6758,ソニーグループ,5,電気機器,技術
2026/8/4,6762,ＴＤＫ,15,電気機器,技術
2026/8/4,6770,アルプスアルパイン,1,電気機器,技術
2026/8/4,6841,横河電機,1,電気機器,技術
2026/8/4,6857,アドバンテスト,7.2,電気機器,技術
2026/8/4,6861,キーエンス,0.1,電気機器,技術
2026/8/4,6902,デンソー,4,電気機器,技術
2026/8/4,6920,レーザーテック,0.4,電気機器,技術
2026/8/4,6954,ファナック,5,電気機器,技術
2026/8/4,6963,ローム,1,電気機器,技術
2026/8/4,6971,京セラ,8,電気機器,技術
2026/8/4,6976,太陽誘電,1,電気機器,技術
2026/8/4,6981,村田製作所,2.4,電気機器,技術
2026/8/4,6988,日東電工,5,化学,素材
2026/8/4,7004,カナデビア,0.2,機械,資本財・その他
2026/8/4,7011,三菱重工業,1,機械,資本財・その他
2026/8/4,7012,川崎重工業,0.5,造船,資本財・その他
2026/8/4,7013,ＩＨＩ,0.7,機械,資本財・その他
2026/8/4,7186,横浜フィナンシャルグループ,1,銀行,金融
2026/8/4,7201,日産自動車,1,自動車,技術
2026/8/4,7202,いすゞ自動車,0.5,自動車,技術
2026/8/4,7203,トヨタ自動車,5,自動車,技術
2026/8/4,7211,三菱自動車工業,0.1,自動車,技術
2026/8/4,7261,マツダ,0.2,自動車,技術
2026/8/4,7267,本田技研工業,6,自動車,技術
2026/8/4,7269,スズキ,4,自動車,技術
2026/8/4,7270,ＳＵＢＡＲＵ,1,自動車,技術
2026/8/4,7272,ヤマハ発動機,3,自動車,技術
2026/8/4,7453,良品計画,2,小売業,消費
2026/8/4,7532,パン・パシフィック・インターナショナルホールディングス,1,小売業,消費
2026/8/4,7731,ニコン,1,精密機器,技術
2026/8/4,7733,オリンパス,4,精密機器,技術
2026/8/4,7735,ＳＣＲＥＥＮホールディングス,0.8,電気機器,技術
2026/8/4,7741,ＨＯＹＡ,0.5,精密機器,技術
2026/8/4,7751,キヤノン,1.5,電気機器,技術
2026/8/4,7752,リコー,1,電気機器,技術
2026/8/4,7832,バンダイナムコホールディングス,3,その他製造,資本財・その他
2026/8/4,7911,ＴＯＰＰＡＮホールディングス,0.5,その他製造,資本財・その他
2026/8/4,7912,大日本印刷,1,その他製造,資本財・その他
2026/8/4,7951,ヤマハ,3,その他製造,資本財・その他
2026/8/4,7974,任天堂,1,サービス,消費
2026/8/4,8001,伊藤忠商事,5,商社,素材
2026/8/4,8002,丸紅,1,商社,素材
2026/8/4,8015,豊田通商,3,商社,素材
2026/8/4,8031,三井物産,2,商社,素材
2026/8/4,8035,東京エレクトロン,3,電気機器,技術
2026/8/4,8053,住友商事,4,商社,素材
2026/8/4,8058,三菱商事,3,商社,素材
2026/8/4,8233,高島屋,1,小売業,消費
2026/8/4,8252,丸井グループ,1,小売業,消費
2026/8/4,8253,クレディセゾン,1,その他金融,金融
2026/8/4,8267,イオン,3,小売業,消費
2026/8/4,8304,あおぞら銀行,0.1,銀行,金融
2026/8/4,8306,三菱ＵＦＪフィナンシャル・グループ,1,銀行,金融
2026/8/4,8308,りそなホールディングス,0.1,銀行,金融
2026/8/4,8309,三井住友トラストグループ,0.8,銀行,金融
2026/8/4,8316,三井住友フィナンシャルグループ,0.3,銀行,金融
2026/8/4,8331,千葉銀行,1,銀行,金融
2026/8/4,8354,ふくおかフィナンシャルグループ,0.2,銀行,金融
2026/8/4,8411,みずほフィナンシャルグループ,0.1,銀行,金融
2026/8/4,8591,オリックス,1,その他金融,金融
2026/8/4,8601,大和証券グループ本社,1,証券,金融
2026/8/4,8604,野村ホールディングス,1,証券,金融
2026/8/4,8630,ＳＯＭＰＯホールディングス,0.6,保険,金融
2026/8/4,8697,日本取引所グループ,2,その他金融,金融
2026/8/4,8725,ＭＳ＆ＡＤインシュアランスグループホールディングス,0.9,保険,金融
2026/8/4,8750,第一ライフグループ,0.4,保険,金融
2026/8/4,8766,東京海上ホールディングス,1.5,保険,金融
2026/8/4,8795,Ｔ＆Ｄホールディングス,0.2,保険,金融
2026/8/4,8801,三井不動産,3,不動産,資本財・その他
2026/8/4,8802,三菱地所,1,不動産,資本財・その他
2026/8/4,8804,東京建物,0.5,不動産,資本財・その他
2026/8/4,8830,住友不動産,2,不動産,資本財・その他
2026/8/4,9001,東武鉄道,0.2,鉄道・バス,運輸・公共
2026/8/4,9005,東急,0.5,鉄道・バス,運輸・公共
2026/8/4,9007,小田急電鉄,0.5,鉄道・バス,運輸・公共
2026/8/4,9008,京王電鉄,1,鉄道・バス,運輸・公共
2026/8/4,9009,京成電鉄,1.5,鉄道・バス,運輸・公共
2026/8/4,9020,東日本旅客鉄道,0.3,鉄道・バス,運輸・公共
2026/8/4,9021,西日本旅客鉄道,0.2,鉄道・バス,運輸・公共
2026/8/4,9022,東海旅客鉄道,0.5,鉄道・バス,運輸・公共
2026/8/4,9064,ヤマトホールディングス,1,陸運,運輸・公共
2026/8/4,9101,日本郵船,0.3,海運,運輸・公共
2026/8/4,9104,商船三井,0.3,海運,運輸・公共
2026/8/4,9107,川崎汽船,0.9,海運,運輸・公共
2026/8/4,9147,ＮＩＰＰＯＮＥＸＰＲＥＳＳホールディングス,0.3,陸運,運輸・公共
2026/8/4,9201,日本航空,1,空運,運輸・公共
2026/8/4,9202,ＡＮＡホールディングス,0.1,空運,運輸・公共
2026/8/4,9432,ＮＴＴ,10,通信,技術
2026/8/4,9433,ＫＤＤＩ,12,通信,技術
2026/8/4,9434,ソフトバンク,10,通信,技術
2026/8/4,9501,東京電力ホールディングス,0.1,電力,運輸・公共
2026/8/4,9502,中部電力,0.1,電力,運輸・公共
2026/8/4,9503,関西電力,0.1,電力,運輸・公共
2026/8/4,9531,東京瓦斯,0.2,ガス,運輸・公共
2026/8/4,9532,大阪瓦斯,0.2,ガス,運輸・公共
2026/8/4,9602,東宝,0.5,サービス,消費
2026/8/4,9735,セコム,2,サービス,消費
2026/8/4,9766,コナミグループ,1,サービス,消費
2026/8/4,9843,ニトリホールディングス,2.5,小売業,消費
2026/8/4,9983,ファーストリテイリング,2.4,小売業,消費
2026/8/4,9984,ソフトバンクグループ,24,通信,技術
